<?xml version="1.0" encoding="UTF-8"?>
<!DOCTYPE properties SYSTEM "http://java.sun.com/dtd/properties.dtd">

<properties>
<entry key="loginMember">
	SELECT 
	       USER_NO
	     , USER_ID
	     , USER_PWD
	     , USER_NAME
	     , NICKNAME
	     , EMAIL
	     , GENDER
	     , PHONE
	     , DESCRIPTION
	     , PROFILE_IMG
	     , GRADE_NO
	     , STATUS
	     , COMPLETE_MT
	     , INSTA_ID
    FROM MEMBER
	WHERE USER_ID = ? 
    AND USER_PWD = ? 
    AND STATUS = 'Y'
</entry>
<entry key="idCheck">
	SELECT 
	        COUNT(*) "COUNT"
	  FROM MEMBER
	 WHERE USER_ID = ?
</entry>
<entry key="nickCheck">
	SELECT 
	        COUNT(*) "COUNT"
	  FROM MEMBER
	 WHERE NICKNAME = ?
</entry>
<entry key="insertMember">
	INSERT 
	    INTO MEMBER
	    (
	      USER_NO
	    , USER_ID
	    , USER_PWD
	    , USER_NAME
	    , NICKNAME
	    , EMAIL
	    , GENDER
	    , PHONE
	    , DESCRIPTION
	    , PROFILE_IMG
	    , GRADE_NO
	    , INSTA_ID
	    )
	    VALUES
	    ( 
	      SEQ_MNO.NEXTVAL
	    , ?
	    , ?
	    , ?
	    , ?
	    , ?
	    , ?
	    , ?
	    , ?
	    , ?
	    , ?
	    , ?
	    )
</entry>
</properties>